{
  "formatVersion": 1,
  "database": {
    "version": 16,
    "identityHash": "65145d6d5f71aba305bb5b4b37964ca2",
    "entities": [
      {
        "tableName": "MacroData",
        "createSql": "CREATE TABLE IF NOT EXISTS `${TABLE_NAME}` (`uid` INTEGER PRIMARY KEY AUTOINCREMENT NOT NULL, `name` TEXT, `combinedImage` TEXT, `backgroundImage` TEXT, `foregroundImage` TEXT, `backgroundColor` INTEGER NOT NULL, `foregroundColor` INTEGER NOT NULL, `text` TEXT, `textColor` INTEGER NOT NULL, `useText` INTEGER NOT NULL, `actionData` BLOB)",
        "fields": [
          {
            "fieldPath": "uid",
            "columnName": "uid",
            "affinity": "INTEGER",
            "notNull": true
          },
          {
            "fieldPath": "name",
            "columnName": "name",
            "affinity": "TEXT",
            "notNull": false
          },
          {
            "fieldPath": "combinedImage",
            "columnName": "combinedImage",
            "affinity": "TEXT",
            "notNull": false
          },
          {
            "fieldPath": "backgroundImage",
            "columnName": "backgroundImage",
            "affinity": "TEXT",
            "notNull": false
          },
          {
            "fieldPath": "foregroundImage",
            "columnName": "foregroundImage",
            "affinity": "TEXT",
            "notNull": false
          },
          {
            "fieldPath": "backgroundColor",
            "columnName": "backgroundColor",
            "affinity": "INTEGER",
            "notNull": true
          },
          {
            "fieldPath": "foregroundColor",
            "columnName": "foregroundColor",
            "affinity": "INTEGER",
            "notNull": true
          },
          {
            "fieldPath": "text",
            "columnName": "text",
            "affinity": "TEXT",
            "notNull": false
          },
          {
            "fieldPath": "textColor",
            "columnName": "textColor",
            "affinity": "INTEGER",
            "notNull": true
          },
          {
            "fieldPath": "useText",
            "columnName": "useText",
            "affinity": "INTEGER",
            "notNull": true
          },
          {
            "fieldPath": "actionData",
            "columnName": "actionData",
            "affinity": "BLOB",
            "notNull": false
          }
        ],
        "primaryKey": {
          "columnNames": [
            "uid"
          ],
          "autoGenerate": true
        },
        "indices": [],
        "foreignKeys": []
      },
      {
        "tableName": "SettingsData",
        "createSql": "CREATE TABLE IF NOT EXISTS `${TABLE_NAME}` (`uid` INTEGER PRIMARY KEY AUTOINCREMENT NOT NULL, `language` TEXT, `mainColorID` INTEGER NOT NULL, `connectionType` INTEGER NOT NULL, `useLightTheme` INTEGER NOT NULL, `useAutomaticStartup` INTEGER NOT NULL, `bluetoothServerName` TEXT)",
        "fields": [
          {
            "fieldPath": "uid",
            "columnName": "uid",
            "affinity": "INTEGER",
            "notNull": true
          },
          {
            "fieldPath": "language",
            "columnName": "language",
            "affinity": "TEXT",
            "notNull": false
          },
          {
            "fieldPath": "mainColorID",
            "columnName": "mainColorID",
            "affinity": "INTEGER",
            "notNull": true
          },
          {
            "fieldPath": "connectionType",
            "columnName": "connectionType",
            "affinity": "INTEGER",
            "notNull": true
          },
          {
            "fieldPath": "useLightTheme",
            "columnName": "useLightTheme",
            "affinity": "INTEGER",
            "notNull": true
          },
          {
            "fieldPath": "useAutomaticStartup",
            "columnName": "useAutomaticStartup",
            "affinity": "INTEGER",
            "notNull": true
          },
          {
            "fieldPath": "bluetoothServerName",
            "columnName": "bluetoothServerName",
            "affinity": "TEXT",
            "notNull": false
          }
        ],
        "primaryKey": {
          "columnNames": [
            "uid"
          ],
          "autoGenerate": true
        },
        "indices": [],
        "foreignKeys": []
      },
      {
        "tableName": "ProfileData",
        "createSql": "CREATE TABLE IF NOT EXISTS `${TABLE_NAME}` (`uid` INTEGER PRIMARY KEY AUTOINCREMENT NOT NULL, `name` TEXT, `gridWidth` INTEGER NOT NULL, `gridHeight` INTEGER NOT NULL, `index` INTEGER NOT NULL)",
        "fields": [
          {
            "fieldPath": "uid",
            "columnName": "uid",
            "affinity": "INTEGER",
            "notNull": true
          },
          {
            "fieldPath": "name",
            "columnName": "name",
            "affinity": "TEXT",
            "notNull": false
          },
          {
            "fieldPath": "gridWidth",
            "columnName": "gridWidth",
            "affinity": "INTEGER",
            "notNull": true
          },
          {
            "fieldPath": "gridHeight",
            "columnName": "gridHeight",
            "affinity": "INTEGER",
            "notNull": true
          },
          {
            "fieldPath": "index",
            "columnName": "index",
            "affinity": "INTEGER",
            "notNull": true
          }
        ],
        "primaryKey": {
          "columnNames": [
            "uid"
          ],
          "autoGenerate": true
        },
        "indices": [],
        "foreignKeys": []
      },
      {
        "tableName": "ButtonData",
        "createSql": "CREATE TABLE IF NOT EXISTS `${TABLE_NAME}` (`uid` INTEGER PRIMARY KEY AUTOINCREMENT NOT NULL, `gridIndex` INTEGER NOT NULL, `macroID` INTEGER NOT NULL, `profileID` INTEGER NOT NULL)",
        "fields": [
          {
            "fieldPath": "uid",
            "columnName": "uid",
            "affinity": "INTEGER",
            "notNull": true
          },
          {
            "fieldPath": "gridIndex",
            "columnName": "gridIndex",
            "affinity": "INTEGER",
            "notNull": true
          },
          {
            "fieldPath": "macroID",
            "columnName": "macroID",
            "affinity": "INTEGER",
            "notNull": true
          },
          {
            "fieldPath": "profileID",
            "columnName": "profileID",
            "affinity": "INTEGER",
            "notNull": true
          }
        ],
        "primaryKey": {
          "columnNames": [
            "uid"
          ],
          "autoGenerate": true
        },
        "indices": [],
        "foreignKeys": []
      }
    ],
    "setupQueries": [
      "CREATE TABLE IF NOT EXISTS room_master_table (id INTEGER PRIMARY KEY,identity_hash TEXT)",
      "INSERT OR REPLACE INTO room_master_table (id,identity_hash) VALUES(42, \"65145d6d5f71aba305bb5b4b37964ca2\")"
    ]
  }
}